home_team,away_team,home_win_prob,prediction_mean,prediction_std,prediction_ci_05,prediction_ci_95,home_strength_mean,home_strength_std,home_strength_ci_05,home_strength_ci_95,away_strength_mean,away_strength_std,away_strength_ci_05,away_strength_ci_95
BAL,HOU,0.97575,9.202262436133077,4.69309511916153,1.523135972401924,16.885014866758596,8.294075340732334,3.3719409981436135,2.9768693936176884,13.983954978898343,0.7252472499995716,3.166641558018773,-4.38155407264883,5.997835048291284
SF,GB,0.886,5.660183344021896,4.742367495821776,-1.9193358329629622,13.560151887170736,7.292520470845804,3.330629674135792,1.8565669421479964,12.90022432567057,3.2657714722242273,3.224431354545811,-1.8634992886998127,8.590476362987195
DET,TB,0.69875,2.313613109710421,4.539179579180689,-5.127620432323206,9.763220803407888,2.93875099302396,3.215600729527185,-2.295280338539233,8.353729374735913,2.2585722287138577,3.1510405698927313,-2.95572446545406,7.436881860226707
BUF,KC,0.76625,3.277685470141007,4.523922878993012,-4.244573168422313,10.538796753705805,5.859073022068297,3.2895303624326644,0.4598894571849893,11.35225257274922,4.214821897327609,3.204292862924237,-1.0293281480685281,9.454368642463196
