home_team,away_team,home_win_prob,prediction_mean,prediction_std,prediction_ci_05,prediction_ci_95,home_strength_mean,home_strength_std,home_strength_ci_05,home_strength_ci_95,away_strength_mean,away_strength_std,away_strength_ci_05,away_strength_ci_95
SF,SEA,0.97625,9.120840500403327,4.67188018561141,1.5671259729610223,16.77328518465427,8.030535650498082,3.3803726002039554,2.663269518590544,13.759390268637478,0.4613982272641287,3.32577665758636,-4.889974436010061,6.054808088567624
JAX,LAC,0.64975,1.778793643769912,4.6932529407326165,-6.063569890108511,9.52955530136339,1.0721138454112793,3.358619910103517,-4.295286048314971,6.374704251892097,0.8450232788107421,3.206305526347467,-4.4920934528058565,6.101496441466351
BUF,MIA,0.9695,8.800049409570786,4.739185588956943,1.0605880408759785,16.760752049924534,7.653532217200598,3.3924977189513497,2.134465375607607,13.283212104514252,0.40518588479918816,3.3215812723162963,-5.151159641624645,5.877527108880207
MIN,NYG,0.657,1.7052091498656567,4.520038343852692,-5.853139778383603,9.11236348531373,-1.2461052909124166,3.2244390719281806,-6.460356667579659,4.181101001399992,-1.3996113636086989,3.31257528353684,-6.845283425424358,4.025336816365394
CIN,BAL,0.89525,5.935215520346298,4.6546342555466005,-1.6127311173717938,13.51164787329353,5.068030898069766,3.4573454130098087,-0.5332381302209686,10.739657471425827,0.6845184548928436,3.3598023487776163,-4.870568978419643,6.177963584515995
TB,DAL,0.1605,-4.610211043966234,4.717025687655665,-12.304513307073822,3.075263508274331,-1.4041730641078587,3.3133576773940465,-6.960362003393408,4.019673050152926,4.75774105702775,3.368180819071937,-0.8049432173088512,10.352831670110112
