home_team,away_team,home_win_prob,prediction_mean,prediction_std,prediction_ci_05,prediction_ci_95,home_strength_mean,home_strength_std,home_strength_ci_05,home_strength_ci_95,away_strength_mean,away_strength_std,away_strength_ci_05,away_strength_ci_95
PHI,WAS,0.85675,4.825205247425807,4.460754399796275,-2.576720995752766,12.039096462503828,6.558140127630486,3.19908047665705,1.4311855412595,11.821056108356087,3.322857879811302,3.2963520627827054,-2.0603097960422465,8.753359000768045
KC,BUF,0.26475,-3.0191974479164267,4.745482210139423,-10.754408254907672,4.879092959360765,2.6567273155582636,3.328875429321098,-2.8403323119458683,8.178583128986366,7.265847763081312,3.2243886066205034,1.8976725839200737,12.65454125343199
