home_team,away_team,home_win_prob,prediction_mean,prediction_std,prediction_ci_05,prediction_ci_95,home_strength_mean,home_strength_std,home_strength_ci_05,home_strength_ci_95,away_strength_mean,away_strength_std,away_strength_ci_05,away_strength_ci_95
SF,MIN,0.761,3.442408557793339,5.00188901795225,-4.833257159200424,12.006543817546591,5.959570464424802,3.550585386159846,0.20539461407606022,11.916548874127306,4.515972923304118,3.4576013681591315,-1.0911642853883183,10.157812948043336
BAL,TEN,0.9735,9.531609119378082,4.993922959486949,1.5739544371609222,18.003044382724696,11.739425244008318,3.6388241478141126,5.8306495922164085,17.855306027268565,4.2066271413028895,3.3826946495880246,-1.1962269778848862,9.731101834280336
KC,HOU,0.9805,10.347625885656802,5.000146028959144,2.1728451771703985,18.51567287080387,8.233381727541092,3.615677041596672,2.260178318002357,14.210239210423357,-0.1154331414430577,3.369604834972017,-5.5440820799011234,5.335411579421186
GB,SEA,0.68175,2.3565971655507845,4.943076715626317,-5.689472898919597,10.672356652544378,1.9399665830559412,3.4969711037661497,-3.7481594140031547,7.673976388525006,1.5821804341778107,3.3840089320116884,-4.033494295071853,7.0465810947728755
