home_team,away_team,home_win_prob,prediction_mean,prediction_std,prediction_ci_05,prediction_ci_95,home_strength_mean,home_strength_std,home_strength_ci_05,home_strength_ci_95,away_strength_mean,away_strength_std,away_strength_ci_05,away_strength_ci_95
BAL,KC,0.91325,6.401123517210188,4.829600885750891,-1.451287879403056,14.251018243255048,9.279631608480951,3.5174360669744584,3.704147290991645,15.134396491820501,4.5279883875570315,3.1929847410581558,-0.5977208705403303,9.819566860506157
SF,DET,0.8655,5.397361996136227,4.753811407908513,-2.615623686798566,13.150558600323722,7.079978788574212,3.421417081511639,1.4311100251518696,12.701240069490758,3.3320970887242516,3.258076071892024,-1.9244695262782279,8.66363114836552
