home_team,away_team,home_win_prob,prediction_mean,prediction_std,prediction_ci_05,prediction_ci_95,home_strength_mean,home_strength_std,home_strength_ci_05,home_strength_ci_95,away_strength_mean,away_strength_std,away_strength_ci_05,away_strength_ci_95
KC,TEN,0.845,4.9882526852232365,4.939221764937413,-2.9944204392381857,13.187717442295654,8.914895688496411,3.5874408152374433,3.085510601279346,15.062539436806455,5.925626986479444,3.4108926994582154,0.49799385075958547,11.68500335954024
SF,GB,0.9155,6.656320596051224,4.967656465866308,-1.4852359916401574,14.810814406757656,6.793089411384843,3.525329944034766,1.0886829409695031,12.70649885240977,2.1357527985398885,3.509267975985894,-3.656389348593031,7.886132220176489
