home_team,away_team,home_win_prob,prediction_mean,prediction_std,prediction_ci_05,prediction_ci_95,home_strength_mean,home_strength_std,home_strength_ci_05,home_strength_ci_95,away_strength_mean,away_strength_std,away_strength_ci_05,away_strength_ci_95
KC,JAX,0.8965,6.216515856126994,4.835853538393544,-1.9271630764651104,13.931375869887646,5.812810640671531,3.370551995065622,0.30595881617631226,11.202285442091897,1.1322444343145242,3.3020987638312658,-4.257024572715238,6.757125352390309
PHI,NYG,0.90275,5.907835984087047,4.559643051114131,-1.8545767650904585,13.468497631278359,3.6215398006170947,3.406836905329987,-1.987682698462875,9.211502772904332,-0.750346533699965,3.3074675617840086,-6.028764861613446,4.783244790086761
BUF,CIN,0.76475,3.522497804627934,5.008753313248759,-4.662004569434148,11.884096492382705,6.998639978962193,3.4932214933291403,1.2513588318493367,12.719212729650978,5.012091824104247,3.438628535640732,-0.7069203712994764,10.56900221209596
SF,DAL,0.81675,4.407847678988255,4.803026657016386,-3.171679088802814,12.435633485925297,8.487935377291626,3.37469440951607,3.015082462237559,14.302669248775041,5.616037348073358,3.312259241193806,0.3260302682763163,11.000885896844833
