home_team,away_team,home_win_prob,prediction_mean,prediction_std,prediction_ci_05,prediction_ci_95,home_strength_mean,home_strength_std,home_strength_ci_05,home_strength_ci_95,away_strength_mean,away_strength_std,away_strength_ci_05,away_strength_ci_95
HOU,BUF,0.53725,0.3642789146454745,4.869912415250093,-7.721620796138696,8.13864370872704,-0.4159272048078066,3.350565008783413,-5.8205111390601,5.021034055275546,1.234302819856412,3.3206643650400642,-4.1705943479421155,6.699950356045003
NE,TEN,0.8455,5.006266281158724,5.025273500781407,-3.180155540486528,13.199516810671646,6.341608251565635,3.498191183083584,0.5622720629436108,12.0546776752882,3.3498509097166043,3.4276008011359655,-2.12143141938801,8.960515882845543
NO,MIN,0.872,5.638694201367714,4.865501202839079,-2.338426083834723,13.748051899863652,7.413121633394932,3.4121107145122482,1.809818777065199,13.124542327239038,3.788936371336912,3.3018809976312147,-1.6830773461420627,9.27083819207923
PHI,SEA,0.71075,2.691552573811389,4.78696378990486,-5.035927720793175,10.608081698365027,1.6538604128532186,3.4672397922038187,-3.96367980335581,7.401404272679735,0.9768167783515228,3.331283972393207,-4.442669163385326,6.316507838447997
