home_team,away_team,home_win_prob,prediction_mean,prediction_std,prediction_ci_05,prediction_ci_95,home_strength_mean,home_strength_std,home_strength_ci_05,home_strength_ci_95,away_strength_mean,away_strength_std,away_strength_ci_05,away_strength_ci_95
CIN,LV,0.90825,6.177870875111663,4.703068616775405,-1.3937020867315526,13.857776119128685,1.655910688120657,3.2200780990807725,-3.584312991962571,6.9922337713127565,-2.873896502392041,3.2681703309192063,-8.273536405109473,2.3821721390441635
BUF,NE,0.7435,2.9198580361640887,4.625020282702237,-4.745618101380761,10.476062137878465,7.625353610687127,3.36382381425567,2.2273770218441453,13.124279805547221,6.353559259122001,3.3837123621031533,0.8561029583302268,11.96430945954516
TB,PHI,0.95675,7.949220817308074,4.736597790299626,0.3315757851343693,15.843612527515004,7.277328062529927,3.310297812806826,2.0141163613532473,12.732148666892215,0.9761709298208164,3.3867706802839344,-4.583819193752078,6.4693426497952515
DAL,SF,0.88025,5.496045666741767,4.735630524514792,-2.2762026743085784,13.26019312809113,7.410359494837269,3.292505400922629,2.0952701155374966,13.004938917718022,3.562377512694464,3.3848024601003126,-1.9412317445212839,9.150009996745228
KC,PIT,0.9845,10.093331129470702,4.8459167312612275,2.087428368638496,18.05052521787415,6.87565613222844,3.439590850075986,1.3519777890671814,12.660250692964595,-1.5696113126432991,3.2660934253615204,-6.947647526809985,3.7785130635244073
LA,ARI,0.79775,3.8857722347453247,4.665504492173935,-3.796256112922711,11.673016183929217,4.092918132020014,3.3393453463610734,-1.464973973276211,9.58197663256536,1.8552095818736525,3.3228654073629946,-3.6355028353881313,7.255648819354248
