home_team,away_team,home_win_prob,prediction_mean,prediction_std,prediction_ci_05,prediction_ci_95,home_strength_mean,home_strength_std,home_strength_ci_05,home_strength_ci_95,away_strength_mean,away_strength_std,away_strength_ci_05,away_strength_ci_95
HOU,CLE,0.44825,-0.5545435933951041,4.475108082881388,-7.905246538399271,6.8251169190800836,-1.264725523845372,3.193614607475732,-6.491527911549452,4.009861032304365,0.9013819926024584,3.118259674021887,-4.147582291916973,6.021749507321808
KC,MIA,0.67225,2.007890991015341,4.52417928450334,-5.503448650900774,9.49075494555578,3.1697101549820035,3.1843138975791443,-2.00092244378404,8.552421380481409,2.7733830870193894,3.164706595922386,-2.5289632274585347,7.915983048334017
DAL,GB,0.93925,7.054414223429239,4.615131222370092,-0.39320216944989905,14.543107555453487,7.103969291003763,3.237114848606998,1.901636699291875,12.510952939080287,1.6611189906272503,3.114591584989163,-3.4494685995147334,6.706235302206972
DET,LA,0.714,2.644599115767872,4.552713498581504,-4.9483773765181365,10.088825039459465,3.114455105801812,3.1987074048719113,-2.137549559342525,8.352045853735847,2.081419913086666,3.097978143927654,-2.910076096446699,7.194585078497785
BUF,PIT,0.9105,6.303948556296774,4.614029147341671,-1.262851930195986,13.962153231512385,5.605969589078415,3.213632746741584,0.1792528384715806,10.74743211597522,0.9135849558343668,3.19055760306501,-4.241644221866472,6.31105219736929
TB,PHI,0.715,2.561278294847376,4.610399954005256,-5.156445951148262,10.323724359381304,0.7601082555794992,3.1305975231894507,-4.377539848994664,5.895465388565929,-0.1896061162151501,3.2692518064561673,-5.627058218925529,5.083228504496087
