home_team,away_team,home_win_prob,prediction_mean,prediction_std,prediction_ci_05,prediction_ci_95,home_strength_mean,home_strength_std,home_strength_ci_05,home_strength_ci_95,away_strength_mean,away_strength_std,away_strength_ci_05,away_strength_ci_95
KC,CIN,0.94425,7.43768550462189,4.675974544705665,-0.20493842605237017,15.024905880812257,7.959746236443338,3.320293494852166,2.552699748895503,13.525458052447107,2.183759451582244,3.4008077812739925,-3.245537907160858,7.809218122570224
LA,SF,0.71525,2.7125279687194395,4.597704620772345,-4.6841555134489745,10.268403460944295,5.855116710498667,3.3439688819363007,0.4440483469723808,11.677466432830062,4.8042874615400235,3.270462524092418,-0.4929910665802135,10.343371875566438
