home_team,away_team,home_win_prob,prediction_mean,prediction_std,prediction_ci_05,prediction_ci_95,home_strength_mean,home_strength_std,home_strength_ci_05,home_strength_ci_95,away_strength_mean,away_strength_std,away_strength_ci_05,away_strength_ci_95
PHI,SF,0.35325,-1.7536958056222176,4.845223662794809,-9.795190644444805,6.272966876953725,5.3514136575840965,3.4384552510914115,-0.24985567596901184,10.947642447526974,8.648773317014514,3.3603070161898767,3.2545512661236677,14.184081209177403
KC,CIN,0.573,0.8434650229235993,4.8971918977285,-7.378395956014758,8.863292026700941,5.887365050773322,3.455696500843936,0.17559273133311995,11.389778927383327,6.587563881657925,3.4947691696823244,0.8942301973373636,12.380230319458132
