home_team,away_team,home_win_prob,prediction_mean,prediction_std,prediction_ci_05,prediction_ci_95,home_strength_mean,home_strength_std,home_strength_ci_05,home_strength_ci_95,away_strength_mean,away_strength_std,away_strength_ci_05,away_strength_ci_95
GB,TB,0.55075,0.595116385015789,4.922855396959908,-7.592815328344906,8.812993148708225,7.2379391437672895,3.568182983909498,1.629615787239035,13.176511738016206,8.263370192941943,3.5004958099767114,2.606576690947325,14.067534031670844
KC,BUF,0.3035,-2.511733287921795,5.003159927325447,-10.883970149570239,5.527753842834727,4.563775643758467,3.4954623960317237,-1.1217293479637829,10.318256644862624,8.696056365870703,3.4677086856837236,3.11827866267821,14.608221383357417
