home_team,away_team,home_win_prob,prediction_mean,prediction_std,prediction_ci_05,prediction_ci_95,home_strength_mean,home_strength_std,home_strength_ci_05,home_strength_ci_95,away_strength_mean,away_strength_std,away_strength_ci_05,away_strength_ci_95
TEN,CIN,0.749,3.256802983936829,4.829325143026689,-4.936839477067694,11.191033990817385,3.2490019057431545,3.4596372870250547,-2.4778384865771175,8.977693554954284,1.659869606702706,3.256142054989233,-3.6400574624576887,6.987292358461575
GB,SF,0.643,1.671220215351394,4.868079127708227,-6.360089506486485,9.628650468186386,4.446971430100161,3.4233588565184103,-1.1644399494292006,10.008855062167667,4.4434218996451476,3.3330293764507846,-0.9791027995369281,9.902752722624808
TB,LA,0.8115,4.1494805939671435,4.795442095935474,-3.7587980026948347,12.02651752909067,7.899061288875152,3.3555906477031554,2.3000255829287766,13.410548693530698,5.417251379804389,3.3475291932671065,0.04171927939109801,10.904785279865413
KC,BUF,0.48325,-0.20145836142996942,4.805880396482805,-8.20816875487269,7.699532294701408,7.595106675671608,3.3410804045303726,2.27375393721728,13.13245733316024,9.464235721997959,3.3610694374275396,3.835768305419651,15.022486675451672
