home_team,away_team,home_win_prob,prediction_mean,prediction_std,prediction_ci_05,prediction_ci_95,home_strength_mean,home_strength_std,home_strength_ci_05,home_strength_ci_95,away_strength_mean,away_strength_std,away_strength_ci_05,away_strength_ci_95
GB,LA,0.7595,3.586814996016075,4.979189163940854,-4.615035057267836,11.835658477485865,6.579448207546941,3.5136126932097396,0.8010512086233816,12.347142179072433,4.608309821765261,3.373864591789629,-0.8672401274575083,10.143239896126179
BUF,BAL,0.5805,0.9922304257670713,4.8478090220912105,-6.890733546803318,8.976404991221745,7.7781432725825175,3.374892755490525,2.242425865001298,13.205763366616935,8.401589457049843,3.4261390242208507,2.7742032877869547,14.104669340853443
KC,CLE,0.88825,6.271339053166391,5.20715046512721,-2.510813721505203,14.604692691188305,4.645646348894133,3.573268343627912,-1.3402917041342743,10.403358729084806,-0.010016094037860657,3.376709937190399,-5.5733317441670325,5.350503880463487
NO,TB,0.7295,2.890634620540088,4.841301047447728,-4.969737073537191,10.963575918032783,8.598961708605904,3.48653390989366,3.0664744296117576,14.307839997327362,7.324003698300211,3.5020468752480407,1.7258233523365896,13.15857350790162
