home_team,away_team,home_win_prob,prediction_mean,prediction_std,prediction_ci_05,prediction_ci_95,home_strength_mean,home_strength_std,home_strength_ci_05,home_strength_ci_95,away_strength_mean,away_strength_std,away_strength_ci_05,away_strength_ci_95
BUF,IND,0.93325,7.511808033845819,5.044306449319325,-0.5540857932612632,15.880911418287324,8.209851955977298,3.514766872193267,2.6110693239693523,14.148307929839254,2.3306762042578084,3.3658010165148666,-3.1713388612252293,7.708275096408022
SEA,LA,0.68225,2.220189293665553,4.709062053627952,-5.530248282556572,9.843423695363297,4.393095944049699,3.429370416182631,-1.172707756046792,10.029192674813673,3.8055389325104763,3.3750253993457395,-1.7170650174379942,9.346134701843573
WAS,TB,0.09025,-6.449019394022578,4.914768043347882,-14.522976659454573,1.4069873181509704,-0.7353756323815659,3.3707932022431573,-6.147008241364574,4.8809820356352365,7.346276043767342,3.490056278300105,1.6111920003942704,13.239343160737132
TEN,BAL,0.17775,-4.444364701162593,4.761380239390182,-12.531376369409166,3.38207720095995,2.2136364131523463,3.3120227096982786,-3.2431098279023467,7.7430876949119005,8.290633396441269,3.4059490400996135,2.694655671809216,13.983991274983891
NO,CHI,0.978,10.009107858351712,5.01938848766953,1.7957749474581177,18.240133300237016,8.590835594595042,3.4860580174015108,2.859383888574939,14.408428111638164,0.21436001836966018,3.4154281853909843,-5.3486091925786,5.894218899565932
PIT,CLE,0.8825,5.645329335962497,4.671097087519994,-2.1530371661783074,12.962666012513532,2.8757788066316623,3.299434174073798,-2.5284387361354868,8.251715460368208,-1.1369182472045039,3.4191696378399055,-6.780004300968421,4.513910980043062
