home_team,away_team,home_win_prob,prediction_mean,prediction_std,prediction_ci_05,prediction_ci_95,home_strength_mean,home_strength_std,home_strength_ci_05,home_strength_ci_95,away_strength_mean,away_strength_std,away_strength_ci_05,away_strength_ci_95
KC,HOU,0.73175,2.9340401993347887,4.777134656942374,-4.845925966993538,10.692977483138527,2.2164491182275468,3.3227555830383215,-3.1706316299212274,7.646343540643927,0.8840097012388319,3.2939359705444335,-4.540970846802719,6.410853430140063
DET,WAS,0.9715,8.873999839868707,4.774708519118259,1.2185334691921001,16.694585149858323,9.119651827040682,3.386393334626957,3.611275535000219,14.849537036796463,1.8472527695180496,3.1611734684687045,-3.2994759903295408,7.095699906529804
PHI,LA,0.9085,6.1280398331839105,4.6008136789272465,-1.3957523181957463,13.612122388972079,6.660053798221219,3.2459412701849737,1.4680357168987106,12.012841241115206,2.1336147473833824,3.2767612080396815,-3.2655674223118196,7.560498163633979
BUF,BAL,0.49675,-0.1412553219015628,4.623795771177993,-7.781298132768017,7.328044850310548,7.3899109679614865,3.208168061082946,2.1462722752907,12.635712030953925,9.132767072209123,3.2731082838631744,3.882290301607254,14.58154187216554
