home_team,away_team,home_win_prob,prediction_mean,prediction_std,prediction_ci_05,prediction_ci_95,home_strength_mean,home_strength_std,home_strength_ci_05,home_strength_ci_95,away_strength_mean,away_strength_std,away_strength_ci_05,away_strength_ci_95
HOU,LAC,0.24,-3.2662326580022665,4.729276477232096,-11.052381955495804,4.504672877903106,-0.672716443310119,3.289638848449303,-6.204811960738731,4.666327607483175,4.164895280772576,3.1770415285891396,-1.1088185114653708,9.500678976362565
BAL,PIT,0.99025,10.696000400538356,4.558210916041837,3.2746931444031153,18.28191714606361,9.141024760128538,3.3505548792388793,3.74013758488467,14.647821542596018,0.016403425670608006,3.3221371151194274,-5.466323939693061,5.358940960092584
BUF,DEN,0.6955,2.341529720994795,4.788400577102111,-5.6208607336541965,10.258101561300737,5.98351527499303,3.341268533670442,0.5784929967661002,11.596092985409603,5.2133646200786625,3.3294993604917393,-0.2464221260017117,10.832219221450318
PHI,GB,0.62925,1.5424426336921189,4.661558773538954,-6.368276857737978,9.13276650770124,5.908288844011914,3.2447908636272254,0.7326588548438213,11.395605160163772,5.937225276400224,3.260516213281161,0.6563301173594787,11.42289582774243
TB,WAS,0.88175,5.354161294820171,4.5403504518001885,-1.8927016831834753,12.808158991886529,5.000723465223117,3.2468988082146413,-0.3278159215120732,10.387213333509944,1.2179412364833737,3.2177660053736945,-4.027880594141912,6.596090872961604
LA,MIN,0.292,-2.4524915015412097,4.605626481496465,-10.138231628670438,4.8932466440612705,0.7142925630125541,3.1977918189101517,-4.568352288218171,5.919282013706488,3.1667840645537635,3.190820331939038,-1.977702367057264,8.448953207162532
